{
    "accuracy": 0.9505041246562786,
    "precision": 0.8549618320610687,
    "recall": 0.7619047619047619,
    "roc_auc_score": 0.9517756255044391
}